{"indices":[0,1,2,3,4,5,6,7,8,9,10,11,12,13,14,15,16,17,18,19,20,21,22,23,24,25,26,27,28,29,30,31,32,33,34,35,36,37,38,39,40,41,42,43,44,45,46,47,48,49],"N_s":294,"N_r":20,"alpha":0.11670321000641952,"T":0.1090421451291484,"P_f":0.10480151979300542,"MSR":1,"CE":1,"max_workers":1}