{"indices":[0,1,2,3,4,5,6,7,8,9,10,11,12,13,14,15,16,17,18,19,20,21,22,23,24,25,26,27,28,29,30,31,32,33,34,35,36,37,38,39,40,41,42,43,44,45,46,47,48,49],"N_s":296,"N_r":20,"alpha":0.33343603961205065,"T":0.21679525114044268,"P_f":0.1268566710060769,"MSR":1,"CE":0,"max_workers":1}