{"indices":[0,1,2,3,4,5,6,7,8,9,10,11,12,13,14,15,16,17,18,19,20,21,22,23,24,25,26,27,28,29,30,31,32,33,34,35,36,37,38,39,40,41,42,43,44,45,46,47,48,49],"N_s":272,"N_r":3,"alpha":0.4589280446679581,"T":0.9730724751540596,"P_f":0.1500962534151761,"MSR":1,"CE":1,"max_workers":1}